{"_timestamp":1.7829037789438586e+09,"_step":0,"accuracy":0.8140525195173882,"_wandb":{"runtime":4},"_runtime":4,"f1_score":0.599388379204893,"roc_auc":0.8615641206123781}